step,mean_train_acc,std_train_acc,mean_val_acc,std_val_acc,input_dim,project,layers,device,save_results,seed,num_classes,dataset,n_runs,lr
49,0.9206759929656982,0.0015906705356287,0.8698299944400787,0.0042544145284435,784,mlp-bfmnist-sgd,105_105,0,True,42,10,bfmnist,10,0.01
49,0.8759500026702881,0.0015180832807738,0.848200011253357,0.0045263707336976,784,mlp-bfmnist-sgd,11_11,0,True,42,10,bfmnist,10,0.01
49,0.8929259896278381,0.0031108706831518,0.86214000582695,0.0048168838615953,784,mlp-bfmnist-sgd,21_21,0,True,42,10,bfmnist,10,0.01
49,0.9067159950733183,0.0020553637303941,0.8663599908351898,0.0037302062392008,784,mlp-bfmnist-sgd,44_44,0,True,42,10,bfmnist,10,0.01
49,0.8324659883975982,0.0121888150693533,0.8160300016403198,0.0126168989971826,784,mlp-bfmnist-sgd,5_5,0,True,42,10,bfmnist,10,0.01
