step,mean_train_acc,std_train_acc,mean_val_acc,std_val_acc,input_dim,project,layers,device,save_results,seed,num_classes,dataset,n_runs,lr
49,0.9986499965190888,0.0004500104323284,0.8679434359073639,0.0074698613168734,2304,mlp-bimagenettetl-sgd,10_10,0,True,42,10,bimagenettetl,10,0.01
49,0.9997400045394896,0.0001200040194635,0.8899823188781738,0.0066658543270252,2304,mlp-bimagenettetl-sgd,19_19,0,True,42,10,bimagenettetl,10,0.01
49,0.9999300003051758,0.0001004940822858,0.892398351430893,0.0041433983637762,2304,mlp-bimagenettetl-sgd,36_36,0,True,42,10,bimagenettetl,10,0.01
49,0.9114299952983856,0.1187432270126824,0.7406010657548905,0.0837098803412484,2304,mlp-bimagenettetl-sgd,5_5,0,True,42,10,bimagenettetl,10,0.01
49,0.9999799966812134,4.000663757324219e-05,0.896994698047638,0.003981860660945,2304,mlp-bimagenettetl-sgd,81_81,0,True,42,10,bimagenettetl,10,0.01
